Id,Status,Name,Description,Particpation,Location,Add,Tel,Org,Start,End,Cycle,Noncycle,Map,Px,Py,Travellinginfo,Parkinginfo,Charge,Remarks,Changetime
C2_397000000A_002275,2,2020 張燈結綵岡山行,無,一般民眾,to see the official site,高雄市820岡山區,886-7-7995678,高雄市岡山區公所,2020/1/18 17:00,2020/2/9 22:00,,,,120.29228,22.79623,,,,,2020/4/7 18:58
C2_397000000A_002294,2,2020 高雄燈會藝術節,無,一般民眾,to see the official site,高雄市801前金區,886-7-7995678,高雄市政府觀光局,2020/1/29 00:00,2020/2/9 00:00,,,,120.28905,22.62487,,,,,2020/4/7 18:58
C2_397000000A_002296,2,109年度櫻花季暨農特產品促銷活動-櫻綻花開梅飛色舞,無,一般民眾,to see the official site,高雄市848桃源區荖濃溪林道寶山巷,886-7-7995678,桃源區公所,2020/1/18 10:00,2020/2/2 00:00,,,,120.75863,23.06679,,,,,2020/4/8 11:54
C2_397000000A_002297,2,2020 旗山新春佈置熱鬧「燈」場,無,一般民眾,to see the official site,高雄市842旗山區中山路,886-7-7995678,高雄市旗山區公所,2020/1/22 00:00,2020/2/22 00:00,,,,120.48204,22.88811,,,,,2020/4/8 13:39
C2_397000000A_002834,2,2020 高雄陣夯宋江陣系列活動,無,一般民眾,to see the official site,高雄市845內門區中正路115巷18號,886-7-7995678,高雄市政府觀光局,2020/2/22 00:00,2020/3/8 23:59,,,,120.45503,22.91718,,,,,2020/9/24 10:28
C2_397000000A_002842,2,左營「見城館」見城好鄰周年慶活動,無,一般民眾,to see the official site,高雄市813左營區龜山巷157-2號,886-7-7995678,左營區公所,2020/3/3 00:00,2020/3/8 23:59,,,,120.29142,22.67694,,,,,2020/4/8 13:32
C2_397000000A_002855,2,2020「大東戲台」傳統戲曲系列活動 首次登場!,無,一般民眾,to see the official site,高雄市830鳳山區光遠路161號,886-7-7995678,高雄市政府,2020/6/6 00:00,2020/7/19 23:59,,,,120.36344,22.62476,,,,,2020/4/8 13:30
C2_397000000A_002863,2,奔•月—劉國松》藝術教育活動,無,一般民眾,to see the official site,高雄市804鼓山區美術館路80號,886-7-7995678,高雄市立美術館,2019/12/21 00:00,2020/5/31 23:59,,,,120.28626,22.65643,,,,,2020/4/8 13:28
C2_397000000A_002870,2,高圖學齋--蘇詩．柳詞．戰國策,無,一般民眾,to see the official site,高雄市806前鎮區新光路61號,886-7-7995678,高雄市立圖書館,2020/3/13 00:00,2020/4/8 23:59,,,,120.30174,22.61023,,,,,2020/4/8 13:27
C2_397000000A_002873,2,光-皮影戲館25周年紀念特展,無,一般民眾,to see the official site,高雄市820岡山區岡山南路42號,886-7-7995678,高雄市立歷史博物館,2019/6/22 00:00,2020/5/31 23:59,,,,120.29827,22.78328,,,,,2020/4/7 13:56
C2_397000000A_002881,2,岡山籃籗會,無,一般民眾,to see the official site,高雄市820岡山區河華路,886-7-7995678,岡山區公所,2020/3/1 00:00,2020/10/31 23:59,,,,120.29198,22.80152,,,,,2020/6/30 11:04
C2_397000000A_002882,2,2020 那瑪夏賞螢季,無,一般民眾,to see the official site,高雄市849那瑪夏區達卡奴瓦里大光巷230號,886-7-7995678,那瑪夏區公所,2020/3/28 00:00,2020/4/26 23:59,,,,120.71923,23.27202,,,,,2020/6/30 11:06
C2_397000000A_002883,2,2020 高雄青春設計節,無,一般民眾,to see the official site,高雄市803鹽埕區大勇路1號,886-7-7995678,駁二藝術特區,2020/5/1 00:00,2020/5/10 23:59,,,,120.2816,22.62001,,,,,2020/11/27 14:50
C2_397000000A_002884,2,2020 大樹鳳荔文化觀光季,無,一般民眾,to see the official site,高雄市840大樹區龍目里龍目路65號,886-7-7995678,高雄市大樹區公所,2020/6/1 00:00,2020/6/30 23:59,,,,120.41067,22.68863,,,,,2020/4/7 18:58
C2_397000000A_002894,2,顏華容2020鋼琴獨奏會I—和巴赫一起跳舞！,無,一般民眾,to see the official site,高雄市830鳳山區三多一路 1 號,886-7-7995678,高雄市政府,2020/3/22 14:30,2020/3/22 23:59,,,,120.34221,22.62417,,,,,2021/6/25 09:19
C2_397000000A_002910,2,歐式浪漫—葉明和單簧管獨奏會,無,一般民眾,to see the official site,高雄市800新興區三多一路 1 號,886-7-7995678,衛武營國家藝術文化中心,2020/3/29 14:30,2020/3/29 14:30,,,,120.33331,22.62367,,,,,2020/4/8 11:42
C2_397000000A_002911,2,「打開畫匣子－美術在高雄」看見天地之微美〜谷迎芝油畫展,無,一般民眾,to see the official site,高雄市802苓雅區五福一路67號,886-7-7995678,高雄市政府文化局,2020/3/18 00:00,2020/3/29 23:59,,,,120.31814,22.6258,,,,,2020/4/8 13:20
C2_397000000A_002930,2,2020 林園鼠來寶元宵燈會,無,一般民眾,to see the official site,高雄市832林園區沿海路二段250號,886-7-7995678,高雄市林園區公所,2020/1/1 00:00,2020/2/16 00:00,,,,120.39548,22.50012,,,,,2020/4/7 18:57
C2_397000000A_002932,2,甲仙芋筍節,無,一般民眾,to see the official site,高雄市847甲仙區,886-7-7995678,甲仙區公所,2020/8/1 00:00,2020/9/30 23:45,,,,120.63149,23.11459,,,,,2020/6/18 16:44
C2_397000000A_002933,2,左營萬年季,無,一般民眾,to see the official site,高雄市813左營區蓮潭路,886-7-7995678,高雄市政府,2020/10/1 09:30,2020/10/4 21:30,,,,120.2924,22.68055,,,,,2020/9/8 09:54
C2_397000000A_002934,2,戲獅甲藝術節,無,一般民眾,to see the official site,高雄市813左營區博愛二路757號,886-7-7995678,高雄市文化局,2020/10/1 00:00,2020/11/30 23:59,,,,120.30193,22.66866,,,,,2020/12/16 10:50
C2_397000000A_002935,2,2020 高雄電影節,無,一般民眾,to see the official site,高雄市802苓雅區五福一路67號,886-7-7995678,高雄市政府文化局,2020/10/16 00:00,2020/11/1 23:59,,,,120.31814,22.6258,,,,,2021/6/25 09:12
C2_397000000A_002936,2,2020美濃白玉蘿蔔還有好豆季,無,一般民眾,to see the official site,高雄市843美濃區民族路49之3號,886-7-7995678,高雄市美濃區農會,2020/11/14 00:00,2020/11/15 23:59,,,,120.55754,22.91108,,,,,2020/11/7 08:54
C2_397000000A_002937,2,2020 彌陀虱目魚文化節,無,一般民眾,to see the official site,高雄市827彌陀區南寮里漁港一街60號,886-7-7995678,彌陀區漁會,2020/10/24 00:00,2020/10/25 23:59,,,,120.23573,22.76248,,,,,2020/12/16 11:30
C2_397000000A_002938,2,2020永安石斑魚文化節,無,一般民眾,to see the official site,高雄市828永安區永安路23號,886-7-7995678,永安區公所,2020/10/30 00:00,2020/11/8 23:59,,,,120.22605,22.8187,,,,,2020/11/10 18:57
C2_397000000A_002939,2,2019 國際貨櫃藝術節∕國際鋼雕藝術節,無,一般民眾,to see the official site,高雄市804鼓山區美術館路80號,886-7-7995678,高雄市美術館,2019/12/7 00:00,2020/2/9 23:59,,,,120.28655,22.6567,,,,,2020/4/8 12:58
C2_397000000A_002940,2,2020大寮紅豆文化節,無,一般民眾,to see the official site,高雄市831大寮區,886-7-7995678,高雄市大寮區公所,2020/10/31 00:00,2020/12/6 23:59,,,,120.3904,22.62209,,,,,2020/11/10 19:43
C2_397000000A_002941,2,路竹番茄文化節,無,一般民眾,to see the official site,高雄市821路竹區大同路155號,886-7-7995678,路竹區公所,2020/12/1 00:00,2020/12/31 23:59,,,,120.2672,22.86225,,,,,2020/4/8 14:42
C2_397000000A_002942,2,2020 茄萣烏魚海鮮美食節,無,一般民眾,to see the official site,高雄市852茄萣區,886-7-7995678,茄萣區公所,2020/11/21 00:00,2020/11/21 23:59,,,,120.19249,22.87096,,,,,2021/2/22 15:42
C2_397000000A_002943,2,跨光百年 高雄一百,無,一般民眾,to see the official site,高雄市803鹽埕區蓬萊舞台、高流舞台、海上舞台,886-7-7995678,高雄市政府文化局、高雄市政府新聞局、財團法人高雄市愛樂文化藝術基金會,2020/12/31 00:00,2021/1/1 23:59,,,,120.30806,22.59635,,,,,2020/12/28 11:11
C2_397000000A_002946,2,經典新生-阿卡貝拉天團 史溫格歌手音樂會,無,一般民眾,to see the official site,高雄市830鳳山區三多一路 1 號,886-7-7995678,:頁尾網站資訊 衛武營國家藝術文化中心,2020/6/23 19:30,2020/6/23 22:00,,,,120.33955,22.61977,,,,,2020/4/9 18:53
C2_397000000A_002951,2,閱讀窩玩繪本花露露說故事,無,一般民眾,to see the official site,高雄市830鳳山區三多一路 1 號,886-7-7995678,衛武營國家藝術文化中心,2020/3/18 15:00,2020/12/16 16:00,,,,120.34221,22.62417,,,,,2020/4/16 09:32
C2_397000000A_002956,2,【武營逗陣來】綠手指計畫,無,一般民眾,to see the official site,高雄市830鳳山區三多一路 1 號,886-7-7995678,衛武營國家藝術文化中心,2020/5/23 09:00,2020/5/23 11:00,,,,120.34221,22.62417,,,,,2020/4/16 09:34
C2_397000000A_002957,2,2020高雄獎,無,一般民眾,to see the official site,高雄市804鼓山區美術館路80號,886-7-7995678,高雄美術館,2020/1/23 00:00,2020/5/31 23:59,,,,120.28655,22.6567,,,,,2020/4/16 09:55
C2_397000000A_002960,2,山靈水秀 師生聯展,無,一般民眾,to see the official site,高雄市820岡山區岡山南路42號,886-7-7995678,岡山文化中心,2020/4/15 00:00,2020/4/26 23:59,,,,120.29827,22.78328,,,,,2020/4/16 10:32
C2_397000000A_002961,2,「打開畫匣子－美術在高雄」台糖創新93 片片蓮情－龍育民攝影展,無,一般民眾,to see the official site,高雄市802苓雅區五福一路67號,886-7-7995678,高雄市政府文化局,2020/4/1 00:00,2020/4/30 23:59,,,,120.31814,22.6258,,,,,2020/4/16 10:52
C2_397000000A_002963,2,The Story of Shapes Cindy Wang 的幾何進形式,無,一般民眾,to see the official site,高雄市803鹽埕區大勇路1號,886-7-7995678,駁二藝術特區,2020/1/2 10:00,2020/5/24 09:00,,,,120.2816,22.62001,,,,,2021/3/22 14:32
C2_397000000A_002965,2,一個夢想~王美月創作個展,無,一般民眾,to see the official site,高雄市807三民區九如一路 720 號,886-7-7995678,國立科學工藝博物館,2020/4/2 00:00,2020/5/3 23:59,,,,120.32255,22.64143,,,,,2020/4/22 18:23
C2_397000000A_002977,2,以光織界：徐永旭的藝術世界,無,一般民眾,to see the official site,高雄市804鼓山區美術館路80號,886-7-7995678,高雄市立美術館,2019/10/6 00:00,2020/5/31 23:59,,,,120.28655,22.6567,,,,,2020/4/24 16:31
C2_397000000A_002978,2,跨越藝術邊界,無,一般民眾,to see the official site,高雄市804鼓山區鼓山一路111號,886-7-7995678,金馬賓館當代美術館,2019/11/14 00:00,2020/8/2 23:59,,,,120.2789,22.62769,,,,,2020/4/24 16:36
C2_397000000A_002979,2,躲貓貓:小猫秘密基地展 HIDE-AND-SEEK,無,一般民眾,to see the official site,高雄市803鹽埕區大勇路1號 ,886-7-7995678,高雄市政府文化局,2020/1/8 00:00,2020/8/31 23:59,,,,120.2816,22.62001,,,,,2021/3/22 15:10
C2_397000000A_002982,2,衛武營×春藝線上音樂廳,無,一般民眾,to see the official site,高雄市830鳳山區三多一路 1 號,886-7-7995678,衛武營國家藝術文化中心,2020/4/25 00:00,2020/5/30 23:59,,,,120.34221,22.62417,,,,,2020/4/29 18:52
C2_397000000A_002984,2,龍紋畫：李登元一筆畫東方藝術個展,無,一般民眾,to see the official site,高雄市802苓雅區五福一路67號,886-7-7995678,高雄市政府文化局,2020/4/24 00:00,2020/5/5 23:59,,,,120.31814,22.6258,,,,,2020/5/1 12:21
C2_397000000A_002985,2,「打開畫匣子－美術在高雄」舞墨傳情－蔡玉祥水墨畫展,無,一般民眾,to see the official site,高雄市802苓雅區五福一路67號,886-7-7995678,高雄市政府文化局,2020/5/13 00:00,2020/5/24 23:59,,,,120.31814,22.6258,,,,,2020/5/1 12:09
C2_397000000A_002986,2,「打開畫匣子－美術在高雄」陳淑娟水墨畫個展,無,一般民眾,to see the official site,高雄市802苓雅區五福一路67號,886-7-7995678,高雄市政府文化局,2020/5/27 00:00,2020/6/7 23:59,,,,120.31814,22.6258,,,,,2020/5/1 11:25
C2_397000000A_002987,2,藝術，在這裡,無,一般民眾,to see the official site,高雄市802苓雅區美術館路80號,886-7-7995678,高雄市立美術館,2019/1/12 00:00,2020/5/31 23:59,,,,120.28655,22.6567,,,,,2020/5/4 17:43
C2_397000000A_002988,2,VOICES 語音,無,一般民眾,to see the official site,高雄市800新興區鼓山一路111號,886-7-7995678,金馬賓館當代美術館,2019/10/4 00:00,2020/6/21 23:59,,,,120.2789,22.62769,,,,,2020/5/5 17:50
C2_397000000A_002989,2,閱讀高雄百年間—「關於高雄的特色建築」架上書展,無,一般民眾,to see the official site,高雄市830鳳山區光遠路161號,886-7-7995678,大東藝術圖書館,2020/4/24 00:00,2020/6/30 23:59,,,,120.36344,22.62476,,,,,2020/5/6 17:43
C2_397000000A_002992,2,大南方多元史觀特藏室 南方作為相遇之所,無,一般民眾,to see the official site,高雄市800新興區美術館路80號,886-7-7995678,高雄市立美術館,2019/10/26 00:00,2021/9/5 23:59,,,,120.28655,22.6567,,,,,2021/5/14 10:05
C2_397000000A_002993,2,我的未來在這裡~技職新樂園,無,一般民眾,to see the official site,高雄市800新興區九如一路 720 號,886-7-7995678,國立科學工藝博物館,2019/9/27 00:00,2021/12/31 23:59,,,,120.32255,22.64143,,,,,2020/5/8 17:35
C2_397000000A_002996,2,高雄100百選美饌-美食店家募集中,無,一般民眾,to see the official site,高雄市830鳳山區光復路二段132號前棟1樓,886-7-7995678,高雄市政府觀光局,2020/5/9 00:00,2020/5/31 23:59,,,,120.34358,22.62962,,,,,2021/6/25 09:14
C2_397000000A_002997,2,非關母親—無休止的愛,無,一般民眾,to see the official site,高雄市803鹽埕區大勇路64號2樓,886-7-7995678,高雄市新浜碼頭藝術學會,2020/4/25 00:00,2020/5/17 23:59,,,,120.28367,22.62285,,,,,2020/5/15 18:46
C2_397000000A_003002,2,藝術的。設計的。,無,一般民眾,to see the official site,高雄市803鹽埕區大勇路64號2F,886-7-7995678,高雄市新浜碼頭藝術學會,2020/5/2 00:00,2020/5/17 23:59,,,,120.28367,22.62285,,,,,2020/7/17 10:32
C2_397000000A_003003,2,EUREKA! 2.0 發現衛武營,無,一般民眾,to see the official site,高雄市830鳳山區三多一路 1 號,886-7-7995678,衛武營國家藝術文化中心,2020/5/1 00:00,2020/5/31 23:59,,,,120.34221,22.62417,,,,,2021/6/25 09:33
C2_397000000A_003004,2,後疫情時代觀光局全力振興國旅，推出「國民旅遊卡優惠專案」,無,一般民眾,to see the official site,高雄市800新興區光復路二段132號前棟1樓,886-7-7995678,高雄市政府觀光局,2020/6/1 00:00,2020/10/31 23:59,,,,120.34349,22.62959,,,,,2020/5/20 00:14
C2_397000000A_003005,2,台灣眼色-陳俊民數位創作個展,無,一般民眾,to see the official site,高雄市803鹽埕區大勇路64號2樓,886-7-7995678,高雄市新浜碼頭藝術學會,2020/5/23 00:00,2020/6/14 23:59,,,,120.28373,22.62294,,,,,2020/7/17 10:29
C2_397000000A_003006,2,鳳山蹓蹓走-百工百藝遊鳳山報名中,無,一般民眾,to see the official site,高雄市830鳳山區光復路二段132號,886-7-7995678,高雄市政府,2020/5/20 00:00,2020/6/27 23:59,,,,120.34349,22.62959,,,,,2020/5/20 17:15
C2_397000000A_003010,2,粉飾計畫 「記憶的封存與抹滅之間」,無,一般民眾,to see the official site,高雄市803鹽埕區大勇路64號2樓,886-7-7995678,高雄市新浜碼頭藝術學會,2020/5/23 00:00,2020/6/14 23:59,,,,120.28367,22.62285,,,,,2020/5/25 15:11
C2_397000000A_003011,2,2020親親我的媽主題書展,無,一般民眾,to see the official site,高雄市806前鎮區新光路61號,886-7-7995678,高雄市立圖書館,2020/5/5 00:00,2020/6/28 23:59,,,,120.30174,22.61023,,,,,2020/5/29 11:25
C2_397000000A_003017,2,6月城市探險三大主軸，七大路線遊程,無,一般民眾,to see the official site,高雄市830鳳山區光復路二段132號前棟1樓,886-7-7995678,高雄市政府觀光局,2020/6/1 00:00,2020/8/31 23:59,,,,120.34358,22.62962,,,,,2021/6/25 09:30
C2_397000000A_003033,2,高雄市鳥蟲體書法協會會員聯展,無,一般民眾,to see the official site,高雄市800新興區五福一路67號,886-7-7995678,高雄文化中心,2020/5/29 00:00,2020/6/9 23:59,,,,120.31814,22.6258,,,,,2020/5/29 11:12
C2_397000000A_003037,2,高雄市高縣攝影學會會員聯展,無,一般民眾,to see the official site,高雄市800新興區五福一路67號,886-7-7995678,高雄市文化中心,2020/6/12 00:00,2020/6/23 23:59,,,,120.31814,22.6258,,,,,2021/6/25 09:16
C2_397000000A_003045,2,「打開畫匣子－美術在高雄」印記－紀千景創作個展,無,一般民眾,to see the official site,高雄市800新興區五福一路67號,886-7-7995678,高雄市文化局,2020/6/17 00:00,2020/6/28 23:59,,,,120.31814,22.6258,,,,,2021/6/25 09:22
C2_397000000A_003046,2,朗墨風華 賴明郎畫展,無,一般民眾,to see the official site,高雄市800新興區五福一路67號,886-7-7995678,高雄市文化局,2020/6/19 00:00,2020/6/30 23:59,,,,120.31814,22.6258,,,,,2021/6/25 09:31
C2_397000000A_003048,2,寶島浮沉 Island Invisible,無,一般民眾,to see the official site,高雄市800新興區三多一路 1 號,886-7-7995678,衛武營國家藝術文化中心,2020/6/1 00:00,2020/6/30 23:59,,,,120.33307,22.62324,,,,,2021/6/25 09:22
C2_397000000A_003050,2,貝多芬系列 交響詩篇,無,一般民眾,to see the official site,高雄市802苓雅區五福一路67號,886-7-7995678,高雄市文化局,2020/6/13 00:00,2020/6/13 23:59,,,,120.31814,22.6258,,,,,2021/6/25 09:04
C2_397000000A_003051,2,高雄新樂章-高雄市國樂團音樂會,無,一般民眾,to see the official site,高雄市802苓雅區五福一路67號,886-7-7995678,高雄市政府文化局,2020/6/14 14:30,2020/6/14 16:30,,,,120.31814,22.6258,,,,,2021/6/25 09:25
C2_397000000A_003055,2,純真～莫札特之夜-女高音黃莉錦2020聲樂獨唱會,無,一般民眾,to see the official site,高雄市800新興區三多一路 1 號,886-7-7995678,衛武營國家藝術文化中心,2020/6/19 19:30,2020/6/19 21:30,,,,120.33331,22.62367,,,,,2020/6/12 17:57
C2_397000000A_003057,2,星寰畫會會員展,無,一般民眾,to see the official site,高雄市800新興區五福一路67號,886-7-7995678,高雄市政府文化局,2020/6/19 00:00,2020/6/30 23:59,,,,120.31814,22.6258,,,,,2020/6/12 17:59
C2_397000000A_003061,2,經典回歸！《倩女幽魂》高雄市電影館6月大銀幕重現,無,一般民眾,to see the official site,高雄市803鹽埕區河西路10號,886-7-7995678,高雄市電影館,2020/6/2 00:00,2020/6/27 23:59,,,,120.28912,22.62267,,,,,2020/6/15 19:22
C2_397000000A_003063,2,甜甜地,無,一般民眾,to see the official site,高雄市830鳳山區三多一路 1 號,886-7-7995678,衛武營國家藝術文化中心,2020/6/27 00:00,2020/7/5 23:59,,,,120.34221,22.62417,,,,,2020/6/16 21:16
C2_397000000A_003065,2,2020台灣斯巴達障礙跑競賽,無,一般民眾,to see the official site,高雄市824燕巢區菜寮路,886-7-7995678,寬寬整合行銷,2020/7/4 00:00,2020/7/5 23:59,,,,120.3439,22.81136,,,,,2020/6/17 16:11
C2_397000000A_003068,2,「打開畫匣子－美術在高雄」詩畫傳奇－黃輝雄畫展,無,一般民眾,to see the official site,高雄市802苓雅區五福一路67號,886-7-7995678,高雄市文化局,2020/7/1 00:00,2020/7/12 23:59,,,,120.31814,22.6258,,,,,2020/6/18 19:15
C2_397000000A_003070,2,高雄100X藝百驚豔【高雄遊‧藝】7月藝思沙龍講座活動,無,一般民眾,to see the official site,高雄市800新興區五福一路67號,886-7-7995678,高雄市政府文化局,2020/7/11 00:00,2020/7/25 23:59,,,,120.31814,22.6258,,,,,2020/6/20 18:25
C2_397000000A_003073,2,「城市探險月」─自行車傳騎端午登場！,無,一般民眾,to see the official site,高雄市800新興區中山一路18號,886-7-7995678,高雄市政府觀光局,2020/6/25 00:00,2020/6/28 23:59,,,,120.30193,22.62855,,,,,2021/6/25 09:29
C2_397000000A_003075,2,韶光綺麗音樂會,無,一般民眾,to see the official site,高雄市830鳳山區三多一路 1 號,886-7-7995678,衛武營國家藝術文化中心,2020/7/18 14:30,2020/7/18 23:59,,,,120.34221,22.62417,,,,,2020/6/23 18:24
C2_397000000A_003089,2,十年磨一瓷，光耀全世界－1300十週年瓷藝創作特展,無,一般民眾,to see the official site,高雄市802苓雅區五福一路67號,886-7-7995678,高雄市政府文化局,2020/6/26 00:00,2020/7/21 23:59,,,,120.31814,22.6258,,,,,2020/6/23 18:25
C2_397000000A_003090,2,《美好的一天》高雄市交響樂團音樂會,無,一般民眾,to see the official site,高雄市830鳳山區三多一路 1 號,886-7-7995678,:頁尾網站資訊 衛武營國家藝術文化中心,2020/6/28 14:30,2020/6/28 17:00,,,,120.34221,22.62417,,,,,2020/6/23 18:25
C2_397000000A_003091,2,《昨夜星辰》─ 2020 李國修紀念作品,無,一般民眾,to see the official site,高雄市830鳳山區三多一路 1 號,886-7-7995678,衛武營國家藝術文化中心,2020/7/18 00:00,2020/7/19 23:59,,,,120.33331,22.62367,,,,,2020/6/23 18:25
C2_397000000A_003092,2,衛武營 ✕ 蒂摩爾古薪舞集《斜坡上的Zemiyan四步舞》,無,一般民眾,to see the official site,高雄市830鳳山區三多一路 1 號,886-7-7995678,衛武營國家藝術文化中心,2020/6/22 00:00,2020/8/2 23:59,,,,120.34221,22.62417,,,,,2020/6/23 18:26
C2_397000000A_003093,2,對位室內樂系列-《林佳霖小提琴獨奏會》,無,一般民眾,to see the official site,高雄市830鳳山區三多一路 1 號,886-7-7995678,衛武營國家藝術文化中心,2020/6/25 19:30,2020/6/25 21:00,,,,120.34221,22.62417,,,,,2020/6/23 18:08
C2_397000000A_003101,2,風箏特展 早鳥票 上線啦！ (全台7-11的 ibon售票系統輕鬆買),無,一般民眾,to see the official site,高雄市807三民區九如一路720號,886-7-7995678,國立科學工藝博物館、搏扶搖文化事業有限公司,2020/7/18 00:00,2021/3/14 23:59,,,,120.32255,22.64143,,,,,2020/6/29 18:04
C2_397000000A_003103,2,楊理捷、楊理硯 《2020聯合獨奏會》,無,一般民眾,to see the official site,高雄市830鳳山區三多一路 1 號,886-7-7995678,衛武營國家藝術文化中心,2020/7/5 14:30,2020/7/5 20:00,,,,120.34221,22.62417,,,,,2020/6/30 18:37
C2_397000000A_003105,2,我把動物FUN大了! 霍夫曼的療癒動物園特展(高雄站),無,一般民眾,to see the official site,高雄市803鹽埕區蓬萊路99號,886-7-7995678,時藝多媒體傳播股份有限公司、寬宏藝術經紀股份有限公司,2020/7/4 10:30,2020/9/6 17:00,,,,120.27818,22.62004,,,,,2020/7/1 17:44
C2_397000000A_003107,2,2020馬聿明小提琴獨奏會,無,一般民眾,to see the official site,高雄市830鳳山區三多一路 1 號,886-7-7995678,衛武營國家藝術文化中心,2020/7/11 19:30,2020/7/11 21:30,,,,120.34221,22.62417,,,,,2020/7/2 19:31
C2_397000000A_003109,2,2020 庄頭藝穗節,無,一般民眾,to see the official site,高雄市802苓雅區五福一路67號,886-7-7995678,高雄市文化局,2020/7/11 09:00,2020/10/31 21:00,,,,120.31814,22.6258,,,,,2021/6/25 09:40
C2_397000000A_003111,2,皮影戲館109年7-11月「百年偶遇-假日演出及戲偶DIY活動」,無,一般民眾,to see the official site,高雄市820岡山區岡山南路42號,886-7-7995678,歷史博物館,2020/7/18 00:00,2020/11/8 23:59,,,,120.29048,22.80342,,,,,2020/7/3 17:28
C2_397000000A_003113,2,與土地共舞－展高雄：鳥松與仁武特展,無,一般民眾,to see the official site,高雄市803鹽埕區中正四路272號,886-7-7995678,高雄市立歷史博物館,2020/5/27 00:00,2021/1/3 23:59,,,,120.28676,22.62704,,,,,2020/7/6 09:34
C2_397000000A_003116,2,後疫情時代，振興三倍券登場！觀光局推出六大優惠方案，吸引民眾持三倍券到高雄旅遊。,無,一般民眾,to see the official site,高雄市830鳳山區光復路二段132號前棟1樓,886-7-7995678,高雄市政府,2020/7/7 00:00,2020/12/31 23:59,,,,120.34358,22.62962,,,,,2021/6/25 09:39
C2_397000000A_003119,2,＜線。無限＞2020年蕭明輝新水墨個展,無,一般民眾,to see the official site,高雄市802苓雅區五福一路67號,886-7-7995678,高雄市文化局,2020/7/3 00:00,2020/7/14 23:59,,,,120.31814,22.6258,,,,,2020/7/8 19:08
C2_397000000A_003122,2,2020駁二 小小二伯體驗營｜駁二好禮季,無,一般民眾,to see the official site,高雄市800新興區大勇路1號,886-7-7995678,駁二藝術特區,2020/7/15 00:00,2020/8/28 23:59,,,,120.28534,22.62679,,,,,2020/7/17 18:44
C2_397000000A_003124,2,【衛武營小時光】陳珊妮《趁記憶消逝之前》,無,一般民眾,to see the official site,高雄市800新興區三多一路 1 號,886-7-7995678,衛武營國家藝術文化中心,2020/7/17 20:00,2020/7/17 23:59,,,,120.33307,22.62324,,,,,2021/6/25 09:09
C2_397000000A_003126,2,玩具電 in 高雄｜ ALL YOU NEED IS TOY ,無,一般民眾,to see the official site,高雄市800新興區大勇路1號,886-7-7995678,高雄駁二藝術特區,2020/7/11 10:30,2020/9/13 18:00,,,,120.28534,22.62679,,,,,2020/7/9 16:33
C2_397000000A_003129,2,【高雄真水】2020夏季系列，大家攏總來！,無,一般民眾,to see the official site,高雄市830鳳山區光復路二段132號前棟1樓,886-7-7995678,高雄市政府觀光局,2020/7/13 00:00,2020/9/30 23:59,,,,120.34358,22.62962,,,,,2021/6/25 09:42
C2_397000000A_003136,2,台北市民交響樂團定期音樂會,無,一般民眾,to see the official site,高雄市800新興區三多一路 1 號,886-7-7995678,衛武營國家藝術文化中心,2020/7/19 15:00,2020/7/19 19:00,,,,120.33331,22.62367,,,,,2020/7/17 18:47
C2_397000000A_003138,2,Skyline Film 7月 高雄駁二屋頂放映,無,一般民眾,to see the official site,高雄市803鹽埕區大勇路1號,886-7-7995678,駁二藝術特區,2020/7/24 18:00,2020/7/25 22:30,,,,120.28534,22.62679,,,,,2020/7/20 18:47
C2_397000000A_003155,2,黏土.袖珍展Clay.Miniature,無,一般民眾,to see the official site,高雄市802苓雅區五福一路67號,886-7-7995678,高雄市政府文化局,2020/7/24 00:00,2020/8/4 23:59,,,,120.31814,22.6258,,,,,2020/7/24 15:22
C2_397000000A_003157,2,觀察者之眼-余政諺個展,無,一般民眾,to see the official site,高雄市800新興區五福一路67號,886-7-7995678,高雄市政府文化局,2020/7/24 00:00,2020/8/4 23:59,,,,120.31814,22.6258,,,,,2020/7/27 10:58
C2_397000000A_003159,2,2020 Salut Taiwan 夏綠台灣音樂會,無,一般民眾,to see the official site,高雄市800新興區三多一路 1 號,886-7-7995678,衛武營國家藝術文化中心,2020/8/2 14:30,2020/8/2 20:00,,,,120.33331,22.62367,,,,,2020/7/24 15:39
C2_397000000A_003163,2,愛河水漾嘉年華 8/1-2、8/8-9河西路願景橋不見不散,無,一般民眾,to see the official site,高雄市804鼓山區河西路願景橋,886-7-7995678,高雄市政府觀光局,2020/8/1 00:00,2020/8/9 23:59,,,,120.28636,22.65059,,,,,2021/6/25 09:31
C2_397000000A_003169,2,【衛武營小時光】Wooden Man 木頭超人,無,一般民眾,to see the official site,高雄市830鳳山區三多一路 1 號,886-7-7995678,衛武營國家藝術文化中心,2020/8/7 20:00,2020/8/7 22:00,,,,120.34221,22.62417,,,,,2020/7/31 18:33
C2_397000000A_003171,2,「打開畫匣子－美術在高雄」舊愛與新歡－洪正敏攝影展,無,一般民眾,to see the official site,高雄市802苓雅區五福一路67號,886-7-7995678,高雄市政府文化局,2020/7/29 00:00,2020/8/9 23:59,,,,120.31814,22.6258,,,,,2020/7/31 18:37
C2_397000000A_003174,2,2020舞鈴劇場《奇幻旅程ENTRANCE》,無,一般民眾,to see the official site,高雄市800新興區三多一路 1 號,886-7-7995678,衛武營國家藝術文化中心,2020/8/8 10:30,2020/8/9 23:59,,,,120.33331,22.62367,,,,,2020/8/3 19:09
C2_397000000A_003176,2,2020鑼鼓齊鳴慶豐收音樂會,無,一般民眾,to see the official site,高雄市830鳳山區三多一路 1 號,886-7-7995678,衛武營國家藝術文化中心,2020/8/8 14:00,2020/8/8 23:59,,,,120.34221,22.62417,,,,,2020/8/4 20:09
C2_397000000A_003180,2,8月8日壽山動物園「暑期同樂會-動物奇遇記」活動將在本週六下午15:30盛大舉辦,無,一般民眾,to see the official site,高雄市804鼓山區萬壽路350號,886-7-7995678,壽山動物園,2020/8/8 15:30,2020/8/30 23:59,,,,120.27816,22.63531,,,,,2020/8/6 10:09
C2_397000000A_003184,2,「晶瑩剔透 喜慶雙十」 黑木國昭玻璃藝術展 台灣開展二十周年紀念,無,一般民眾,to see the official site,高雄市802苓雅區五福一路67號,886-7-7995678,高雄市政府文化局,2020/7/17 00:00,2020/8/11 23:59,,,,120.31814,22.6258,,,,,2020/8/7 19:09
C2_397000000A_003188,2,凝視與穿越：藝術典藏中的高雄百景,無,一般民眾,to see the official site,高雄市802苓雅區五福一路67號,886-7-7995678,高雄市文化中心,2020/7/1 00:00,2021/1/3 23:59,,,,120.30607,22.62839,,,,,2020/8/13 18:00
C2_397000000A_003196,2,勇闖金字塔體驗特展-高雄站,無,一般民眾,to see the official site,高雄市804鼓山區蓬萊路99號,886-7-7995678,寬宏藝術經紀股份有限公司,2020/7/4 10:30,2020/9/6 17:30,,,,120.27818,22.62004,,,,,2020/8/14 13:57
C2_397000000A_003198,2,《新浪潮》胡志龍與台大交響,無,一般民眾,to see the official site,高雄市830鳳山區三多一路 1 號,886-7-7995678,衛武營國家藝術文化中心,2020/8/19 19:30,2020/8/19 22:00,,,,120.33331,22.62367,,,,,2020/8/14 14:07
C2_397000000A_003201,2,《卡門》2020藝本道薩克斯風重奏團巡迴音樂會,無,一般民眾,to see the official site,高雄市830鳳山區三多一路 1 號,886-7-7995678,衛武營國家藝術文化中心,2020/8/20 19:30,2020/8/20 22:00,,,,120.34221,22.62417,,,,,2021/6/25 09:20
C2_397000000A_003203,2,「打開畫匣子－美術在高雄」現象美學～與內在的孩童共舞－宋瑞珍個展,無,一般民眾,to see the official site,高雄市802苓雅區五福一路67號,886-7-7995678,高雄市文化局,2020/8/12 00:00,2020/8/23 23:59,,,,120.31814,22.6258,,,,,2020/8/19 19:06
C2_397000000A_003206,2,寶來花賞溫泉公園振興國旅優惠方案即將截止，敬請把握時間，另推出七夕優惠活動，歡迎來體驗喔！,無,一般民眾,to see the official site,高雄市844六龜區,886-7-7995678,高雄觀光局,2020/8/20 00:00,2020/8/31 23:59,,,,120.6545,23.00262,,,,,2020/8/20 14:50
C2_397000000A_003219,2,高市交與小提琴巨星激盪的璀璨火花,無,一般民眾,to see the official site,高雄市830鳳山區三多一路 1 號,886-7-7995678,衛武營國家藝術文化中心音樂廳,2020/10/17 19:30,2020/10/17 23:00,,,,120.34221,22.62417,,,,,2020/8/21 18:36
C2_397000000A_003221,2,2020紅毛港文化園區X郭元益糕餅博物館【首場聯名。海港抓週趣 】,無,一般民眾,to see the official site,高雄市812小港區南星路2808號,886-7-7995678,高雄市紅毛港文化園區,2020/8/21 14:00,2020/8/23 18:00,,,,120.31794,22.55069,,,,,2020/8/21 18:35
C2_397000000A_003224,2,時間的零件,無,一般民眾,to see the official site,高雄市830鳳山區三多一路 1 號,886-7-7995678,衛武營國家藝術文化中心,2020/8/25 19:30,2020/8/25 22:00,,,,120.34221,22.62417,,,,,2020/8/24 17:12
C2_397000000A_003226,2,蓮庄慢活市集x輕旅行,無,一般民眾,to see the official site,高雄市822阿蓮區復安里,886-7-7995678,阿蓮社區發展協會,2020/8/23 00:00,2020/11/15 23:59,,,,120.3349,22.84775,,,,,2020/8/25 09:27
C2_397000000A_003229,2,2020 Camerata Taiwan 巴雀弦樂團《東方音緣》,無,一般民眾,to see the official site,高雄市830鳳山區三多一路 1 號,886-7-7995678,衛武營國家藝術文化中心,2020/8/27 00:00,2020/8/27 23:59,,,,120.33331,22.62367,,,,,2020/8/27 23:33
C2_397000000A_003232,2,普契尼歌劇《杜蘭朵》,無,一般民眾,to see the official site,高雄市830鳳山區三多一路 1 號,886-7-7995678,衛武營國家藝術文化中心,2020/8/30 14:30,2020/8/30 17:00,,,,120.34221,22.62417,,,,,2021/6/25 09:09
C2_397000000A_003234,2,五彩繽紛-五人聯展,無,一般民眾,to see the official site,高雄市802苓雅區五福一路67號,886-7-7995678,高雄市政府文化局,2020/8/21 00:00,2020/9/1 23:59,,,,120.31814,22.6258,,,,,2020/8/30 15:47
C2_397000000A_003236,2,2020台灣寶寶劇場藝術家平台計畫－創作初探工作坊,無,一般民眾,to see the official site,高雄市830鳳山區三多一路 1 號,886-7-7995678,衛武營國家藝術文化中心,2020/8/31 00:00,2020/9/5 23:59,,,,120.34221,22.62417,,,,,2020/9/1 09:41
C2_397000000A_003238,2,一起笑哈哈《完美鋼琴老師》,無,一般民眾,to see the official site,高雄市830鳳山區三多一路 1 號,886-7-7995678,衛武營國家藝術文化中心,2020/9/2 19:30,2020/9/3 21:00,,,,120.33331,22.62367,,,,,2020/9/1 21:25
C2_397000000A_003240,2,「打開畫匣子－美術在高雄」林幸輝皮雕展,無,一般民眾,to see the official site,高雄市802苓雅區五福一路67號,886-7-7995678,高雄市政府文化局,2020/8/26 00:00,2020/9/6 23:59,,,,120.31814,22.6258,,,,,2020/9/2 21:53
C2_397000000A_003243,2,2020旗津黑沙玩藝節(免費入場),無,一般民眾,to see the official site,高雄市805旗津區旗津海水浴場,886-7-7995678,高雄市政府觀光局,2020/9/27 00:00,2020/10/11 23:59,,,,120.26821,22.60841,,,,,2020/9/24 14:07
C2_397000000A_003247,2,音樂舞台劇《阿嬤的歌本》,無,一般民眾,to see the official site,高雄市830鳳山區三多一路 1 號,886-7-7995678,衛武營國家藝術文化中心,2020/9/6 00:00,2020/9/6 14:00,,,,120.34221,22.62417,,,,,2020/9/5 20:16
C2_397000000A_003249,2,《豫見繁花開》音樂會,無,一般民眾,to see the official site,高雄市830鳳山區光遠路161號,886-7-7995678,高雄市政府文化局,2020/9/27 14:30,2020/9/27 18:00,,,,120.36344,22.62476,,,,,2020/9/6 17:56
C2_397000000A_003253,2,雲門舞集 鄭宗龍《定光》,無,一般民眾,to see the official site,高雄市830鳳山區三多一路 1 號,886-7-7995678,衛武營國家藝術文化中心,2020/10/17 00:00,2020/10/18 23:59,,,,120.34221,22.62417,,,,,2020/9/9 22:53
C2_397000000A_003255,2,心心南管樂坊《王心心作場 ─ 蝶戀花》,無,一般民眾,to see the official site,高雄市830鳳山區三多一路 1 號,886-7-7995678,衛武營國家藝術文化中心,2020/9/12 00:00,2020/9/12 23:59,,,,120.34221,22.62417,,,,,2020/9/10 17:36
C2_397000000A_003257,2,高雄港灣藝術行動-雄海派,無,一般民眾,to see the official site,高雄市803鹽埕區大勇路1號,886-7-7995678,駁二藝術特區,2020/9/26 00:00,2020/11/8 23:59,,,,120.2816,22.62001,,,,,2020/9/11 10:20
C2_397000000A_003259,2,【2020臺灣舞蹈平台】限量超值ALL PASS暢行無阻專案！,無,一般民眾,to see the official site,高雄市830鳳山區三多一路 1 號,886-7-7995678,衛武營國家藝術文化中心,2020/9/4 00:00,2020/11/8 23:59,,,,120.34221,22.62417,,,,,2020/9/11 10:36
C2_397000000A_003261,2,全民大劇團《同學會！同鞋～》,無,一般民眾,to see the official site,高雄市830鳳山區三多一路 1 號,886-7-7995678,衛武營國家藝術文化中心,2020/9/12 00:00,2020/9/13 23:59,,,,120.34221,22.62417,,,,,2020/9/11 10:35
C2_397000000A_003264,2,2020臺灣經典小鎮-長濱健走趣,無,一般民眾,to see the official site,臺東縣962長濱鄉長濱村五鄰11號 ,886-7-7995678,臺東縣長濱鄉公所,2020/9/1 00:00,2020/10/2 23:59,,,,121.45242,23.31545,,,,,2020/9/14 14:42
C2_397000000A_003266,2,大家都叫我咪咪 ─ 林玲慧詠嘆浦契尼,無,一般民眾,to see the official site,高雄市830鳳山區三多一路 1 號,886-7-7995678,衛武營國家藝術文化中心,2020/9/20 00:00,2020/9/20 23:59,,,,120.34221,22.62417,,,,,2020/9/15 19:01
C2_397000000A_003268,2,2020小鎮遊戲趣,無,一般民眾,to see the official site,高雄市843美濃區中正路一段191號,886-7-7995678,交通部觀光局,2020/9/19 00:00,2020/12/20 23:59,,,,120.54318,22.89454,,,,,2020/9/16 19:46
C2_397000000A_003274,2,尋找消失的旗尾線-文化路徑踏查,無,一般民眾,to see the official site,高雄市813左營區高鐵路105號,886-7-7995678,高雄市文化局,2020/9/26 00:00,2020/10/25 23:59,,,,120.30766,22.68714,,,,,2020/9/19 23:09
C2_397000000A_003276,2,廣藝劇場No.4 － 鄧麗君經典歌曲音樂劇《何日君再來》,無,一般民眾,to see the official site,高雄市830鳳山區三多一路 1 號,886-7-7995678,衛武營國家藝術文化中心,2020/9/25 00:00,2020/9/27 23:59,,,,120.34221,22.62417,,,,,2020/9/20 23:04
C2_397000000A_003279,2,2020魅力高雄 乘風而騎,無,一般民眾,to see the official site,高雄市831大寮區光復路二段132號前棟1樓,886-7-7995678,高雄市政府觀光局,2020/9/21 00:00,2020/11/7 23:59,,,,120.34358,22.62962,,,,,2021/6/25 09:41
C2_397000000A_003280,2,海底市場 Undersea Market,無,一般民眾,to see the official site,高雄市803鹽埕區駁二大勇區C5當代館,886-7-7995678,高雄市政府文化局、駁二藝術特區,2020/9/5 00:00,2021/2/21 23:59,,,,120.2816,22.62001,,,,,2020/9/22 16:45
C2_397000000A_003301,2,2020【轉機：台灣】年度攝影展,無,一般民眾,to see the official site,高雄市803鹽埕區大勇路1號,886-7-7995678,高雄市政府,2020/10/2 00:00,2020/11/1 23:59,,,,120.2816,22.62001,,,,,2020/10/1 20:48
C2_397000000A_003303,2,時光港都 - 高雄港映像記憶特展,無,一般民眾,to see the official site,高雄市803鹽埕區大勇路1號,886-7-7995678,高雄市政府,2020/10/7 00:00,2020/11/8 23:59,,,,120.2816,22.62001,,,,,2020/10/6 15:16
C2_397000000A_003305,2,高美講堂《細說臺灣美術史》系列講座,無,一般民眾,to see the official site,高雄市804鼓山區美術館路80號,886-7-7995678,高雄市政府,2020/10/4 00:00,2020/11/1 23:59,,,,120.28655,22.6567,,,,,2020/10/1 20:50
C2_397000000A_003320,2,2020經典小鎮eye成功Fun Soul(放鬆)音樂會,無,一般民眾,to see the official site,臺東縣961成功鎮中山路176號,886-7-7995678,高雄市政府,2020/10/10 00:00,2020/10/10 23:59,,,,121.38087,23.10507,,,,,2020/10/8 17:42
C2_397000000A_003321,2,鋼琴巨星 丹尼爾‧特里福諾夫 巴哈經典,無,一般民眾,to see the official site,高雄市830鳳山區三多一路 1 號,886-7-7995678,高雄市政府,2020/10/16 00:00,2020/10/16 22:00,,,,120.34221,22.62417,,,,,2020/10/8 10:05
C2_397000000A_003323,2,簧之狂響 - 簡文彬與高雄市國樂團音樂會,無,一般民眾,to see the official site,高雄市830鳳山區三多一路 1 號,886-7-7995678,高雄市政府,2020/10/18 00:00,2020/10/18 17:00,,,,120.34221,22.62417,,,,,2020/10/8 10:06
C2_397000000A_003325,2,《撼動人聲》高雄市漢聲合唱團2020年度音樂會,無,一般民眾,to see the official site,高雄市830鳳山區光遠路161號,886-7-7995678,高雄市政府,2020/10/18 00:00,2020/10/18 23:59,,,,120.36344,22.62476,,,,,2020/10/8 17:56
C2_397000000A_003334,2,【時代說書人】老照片說高雄故事：一港二河三山│講者：董青藍,無,一般民眾,to see the official site,高雄市804鼓山區美術館路80號,886-7-7995678,高雄市政府,2020/10/16 00:00,2020/10/21 23:59,,,,120.28655,22.6567,,,,,2020/10/16 14:05
C2_397000000A_003336,2,鬥陣不廢工作坊｜別人的垃圾不是你的垃圾：膠礫岩袋海塑織星,無,一般民眾,to see the official site,高雄市803鹽埕區大勇路1號,886-7-7995678,高雄市政府,2020/10/16 00:00,2020/10/24 23:59,,,,120.2816,22.62001,,,,,2020/10/16 14:11
C2_397000000A_003338,2,寄生：X 檔案,無,一般民眾,to see the official site,高雄市803鹽埕區大勇路1號,886-7-7995678,高雄市政府,2020/9/26 00:00,2021/4/11 20:00,,,,120.2816,22.62001,,,,,2021/4/9 14:24
C2_397000000A_003347,2,【高雄雄厲害】里米尼紀錄劇團《高雄百分百》,無,一般民眾,to see the official site,高雄市830鳳山區三多一路 1 號,886-7-7995678,高雄市政府,2020/10/23 00:00,2020/12/5 23:59,,,,120.34221,22.62417,,,,,2020/10/23 09:42
C2_397000000A_003348,2,【衛武營小時光】《 起承。啟程—2020天狼星口琴樂團公演 》,無,一般民眾,to see the official site,高雄市830鳳山區三多一路 1 號,886-7-7995678,高雄市政府,2020/10/23 00:00,2020/11/20 23:59,,,,120.34221,22.62417,,,,,2020/10/23 09:38
C2_397000000A_003349,2,《大白熊》與《彼得與狼》動畫音樂會,無,一般民眾,to see the official site,高雄市830鳳山區三多一路 1 號,886-7-7995678,高雄市政府,2020/10/23 00:00,2020/12/20 23:59,,,,120.34221,22.62417,,,,,2020/10/23 09:40
C2_397000000A_003379,2,材料「長」這樣，藝術「展」那樣–藝術家的點石成金術,無,一般民眾,to see the official site,高雄市804鼓山區馬卡道路330號,886-7-7995678,高雄市立美術館,2020/7/11 00:00,2021/8/29 23:59,,,,120.28304,22.65781,,,,,2020/11/2 11:14
C2_397000000A_003380,2,Wind・Breeze鋼琴與管樂合作藝術音樂會,無,一般民眾,to see the official site,高雄市830鳳山區三多一路1 號,886-7-7995678,衛武營國家藝術文化中心,2020/11/9 00:00,2020/11/9 23:59,,,,120.34221,22.62417,,,,,2020/11/3 18:54
C2_397000000A_003382,2,婚禮市集Ｘ顆顆書店,無,一般民眾,to see the official site,高雄市800新興區新堀江文橫二路(五福-新田路段),886-7-7995678,新興區公所,2020/11/14 00:00,2020/11/15 23:59,,,,120.30361,22.62277,,,,,2020/11/3 18:53
C2_397000000A_003386,2,秋冬限定 茂林賞蝶季來了!!,無,一般民眾,to see the official site,高雄市844六龜區新威里新威171號,886-7-7995678,茂林國家風景區管理處,2020/10/17 00:00,2021/2/7 23:59,,,,120.62832,22.9022,,,,,2020/11/6 14:59
C2_397000000A_003391,2,部落嚐美食 「2020山那邊的市集」,無,一般民眾,to see the official site,高雄市844六龜區171號,886-7-7995678,高雄市政府,2020/10/17 00:00,2020/12/6 23:59,,,,120.62006,22.8881,,,,,2020/11/12 14:05
C2_397000000A_003402,2,張正傑親子音樂會 別讓貝多芬傷心,無,一般民眾,to see the official site,高雄市830鳳山區三多一路 1 號,886-7-7995678,衛武營國家藝術文化中心,2020/11/22 15:00,2020/11/22 17:00,,,,120.34221,22.62417,,,,,2020/11/29 17:49
C2_397000000A_003404,2,2020 ART KAOHSIUNG 高雄藝術博覽會,無,一般民眾,to see the official site,高雄市803鹽埕區大勇路1號,886-7-7995678,高雄市政府,2020/11/20 11:00,2020/11/22 18:00,,,,120.2816,22.62001,,,,,2020/11/13 13:50
C2_397000000A_003409,2,【2020衛武營馬戲平台】《馬戲•印象》展,無,一般民眾,to see the official site,高雄市830鳳山區三多一路 1 號,886-7-7995678,衛武營國家藝術文化中心,2020/11/10 10:00,2020/11/29 22:00,,,,120.34221,22.62417,,,,,2020/11/29 17:50
C2_397000000A_003412,2,2020高雄苓雅國際街頭藝術節,無,一般民眾,to see the official site,高雄市802苓雅區建軍路與尚勇路口,886-7-7995678,高雄市政府,2020/11/21 00:00,2020/11/21 23:59,,,,120.34235,22.62635,,,,,2020/11/17 10:13
C2_397000000A_003449,2,2020K.C.P.F.高雄現代擊樂節,無,一般民眾,to see the official site,高雄市830鳳山區三多一路 1 號,886-7-7995678,衛武營國家藝術文化中心,2020/11/27 00:19,2020/11/29 00:19,,,,120.34221,22.62417,,,,,2021/6/25 09:02
C2_397000000A_003466,2,來做客家人(市集．體驗．野餐),無,一般民眾,to see the official site,高雄市807三民區同盟二路217號(高雄市新客家文化園區),886-7-7995678,高雄市政府客家事務委員會,2020/12/5 09:00,2020/12/5 16:00,,,,120.29504,22.64989,,,,,2020/11/28 11:04
C2_397000000A_003469,2,【高雄雄厲害】德國里米尼紀錄劇團《高雄百分百》,無,一般民眾,to see the official site,高雄市830鳳山區三多一路 1 號,886-7-7995678,衛武營國家藝術文化中心,2020/12/4 19:30,2020/12/5 21:30,,,,120.34221,22.62417,,,,,2021/6/25 09:36
C2_397000000A_003471,2,脫拉庫「望你早歸」演唱會,無,一般民眾,to see the official site,高雄市803鹽埕區大義街2之5號,886-7-7995678,高雄流行音樂中心,2020/12/12 20:00,2020/12/12 22:00,,,,120.28567,22.61806,,,,,2021/6/25 09:15
C2_397000000A_003473,2,2020-2021 山城花語溫泉季,無,一般民眾,to see the official site,高雄市844六龜區寶來二巷,886-7-7995678,交通部觀光局茂林國家風景區管理處,2020/10/1 10:00,2021/2/28 16:00,,,,120.70016,23.1081,,,,,2020/11/30 16:28
C2_397000000A_003476,2,2020杉林吶喊─瓜目相看,無,一般民眾,to see the official site,高雄市846杉林區上平公園,886-7-7995678,高雄市杉林區公所,2020/12/12 15:00,2020/12/12 21:00,,,,120.54087,22.97324,,,,,2020/12/1 12:05
C2_397000000A_003481,2,2020大港自造節｜Be Yourself,無,一般民眾,to see the official site,高雄市803鹽埕區瀨南街8號 ,886-7-7995678,高雄市政府青年局,2020/12/5 10:00,2020/12/6 17:00,,,,120.2804,22.62093,,,,,2020/12/3 18:01
C2_397000000A_003483,2,迪士尼《獅子王》電影交響音樂會,無,一般民眾,to see the official site,高雄市830鳳山區三多一路 1 號,886-7-7995678,衛武營國家藝術文化中心,2020/12/6 15:00,2020/12/6 21:30,,,,120.34221,22.62417,,,,,2020/12/4 16:03
C2_397000000A_003488,2,《美麗的約定》周蕙Ｘ高雄市國樂團 每個人心中的一齣戲 我們一起追的戲,無,一般民眾,to see the official site,高雄市802苓雅區五福一路67號,886-7-7995678,高雄市政府文化局、財團法人高雄市愛樂文化藝術基金會,2021/1/9 19:30,2021/1/9 21:30,,,,120.31814,22.6258,,,,,2020/12/7 18:00
C2_397000000A_003491,2,響座劇場三號作品《親愛的魔神仔》,無,一般民眾,to see the official site,高雄市830鳳山區三多一路 1 號,886-7-7995678,衛武營國家藝術文化中心,2020/12/18 00:19,2020/12/20 16:30,,,,120.34221,22.62417,,,,,2020/12/9 19:05
C2_397000000A_003493,2, 2020「戀戀蚵仔寮」海鮮節,無,一般民眾,to see the official site,高雄市826梓官區漁港二路32號,886-7-7995678,高雄市梓官區漁會,2020/12/12 09:00,2020/12/13 18:00,,,,120.25462,22.72783,,,,,2020/12/10 14:53
C2_397000000A_003495,2,2020路竹番茄節-「番喜同樂會」,無,一般民眾,to see the official site,高雄市821路竹區大同路155號（路竹體育園區）,886-7-7995678,高雄市路竹區公所,2020/12/12 09:00,2020/12/13 16:30,,,,120.2672,22.86225,,,,,2020/12/11 17:20
C2_397000000A_003497,2,莫斯科古典芭蕾舞團,無,一般民眾,to see the official site,高雄市830鳳山區三多一路 1 號,886-7-7995678,衛武營國家藝術文化中心,2020/12/25 19:30,2020/12/27 21:30,,,,120.34221,22.62417,,,,,2020/12/18 17:44
C2_397000000A_003500,2,衛武營奇趣派對-耶誕花藝手作坊,無,一般民眾,to see the official site,高雄市830鳳山區三多一路 1 號,886-7-7995678,衛武營國家藝術文化中心,2020/12/20 14:00,2020/12/20 15:30,,,,120.34221,22.62417,,,,,2020/12/14 17:41
C2_397000000A_003606,2,《尋訪老內惟》首部曲 ,無,一般民眾,to see the official site,高雄市804鼓山區鼓山三路19之3號,886-7-7995678,高雄市立美術館,2020/12/19 15:00,2020/12/19 17:00,,,,120.27721,22.64822,,,,,2020/12/16 18:39
C2_397000000A_003608,2,花開慶富貴-蘇文慶與高雄市國樂團音樂會,無,一般民眾,to see the official site,高雄市830鳳山區三多一路 1 號,886-7-7995678,衛武營國家藝術文化中心,2020/12/27 14:30,2020/12/27 16:30,,,,120.34221,22.62417,,,,,2020/12/17 18:06
C2_397000000A_003614,2,110年元旦升旗典禮-「百年高雄，攜手前行」,無,一般民眾,to see the official site,高雄市802苓雅區高雄市文化中心（圓形廣場）,886-7-7995678,高雄市議會、高雄市政府,2021/1/1 06:00,2021/1/1 10:00,,,,120.31766,22.62684,,,,,2020/12/21 17:58
C2_397000000A_003616,2,跨年來高雄，高捷教你這樣玩！,無,一般民眾,to see the official site,高雄市800新興區高雄各捷運站,886-7-7995678,高雄市政府,2020/12/31 00:00,2021/1/3 23:59,,,,120.30191,22.63139,,,,,2020/12/22 10:55
C2_397000000A_003617,2,冬遊泡湯尋梅趣 放大想像玩六龜-聯合開幕暨假日市集,無,一般民眾,to see the official site,高雄市844六龜區寶來花賞溫泉公園,886-7-7995678,高雄市政府觀光局、高雄市六龜區公所,2020/12/26 00:00,2020/12/26 23:59,,,,120.70264,23.107,,,,,2020/12/22 10:18
C2_397000000A_003618,2,冬遊泡湯尋梅趣 放大想像玩六龜-眉開眼笑鬧市集,無,一般民眾,to see the official site,高雄市844六龜區六龜老街,886-7-7995678,高雄市政府觀光局、高雄市六龜區公所,2021/1/9 00:00,2021/1/10 23:59,,,,120.635,22.9977,,,,,2020/12/22 10:21
C2_397000000A_003643,2,2021維也納愛樂新年音樂會 — 全球衛星直播,無,一般民眾,to see the official site,高雄市830鳳山區三多一路 1 號,886-7-7995678,衛武營國家藝術文化中心,2021/1/1 18:00,2021/1/1 20:00,,,,120.34221,22.62417,,,,,2020/12/28 11:50
C2_397000000A_003648,2,眼球先生的美術劇場《猛男地獄》,無,一般民眾,to see the official site,高雄市830鳳山區三多一路 1 號,886-7-7995678,衛武營國家藝術文化中心,2021/1/2 14:30,2021/1/2 21:30,,,,120.34221,22.62417,,,,,2021/6/25 09:39
C2_397000000A_003649,2,【衛武營小時光】陳若玗《野蠻的美麗－紐約爵士鋼琴音樂會》,無,一般民眾,to see the official site,高雄市830鳳山區三多一路 1 號,886-7-7995678,頁尾網站資訊 衛武營國家藝術文化中心,2021/1/15 20:00,2021/1/15 22:00,,,,120.34221,22.62417,,,,,2020/12/29 15:05
C2_397000000A_003654,2,2021 武營來跳舞,無,一般民眾,to see the official site,高雄市830鳳山區三多一路 1 號,886-7-7995678,衛武營國家藝術文化中心,2021/1/6 19:00,2021/6/2 21:00,,,,120.34221,22.62417,,,,,2021/1/4 09:40
C2_397000000A_003656,2,朱宗慶打擊樂團35週年-2021擊樂劇場《泥巴》,無,一般民眾,to see the official site,高雄市830鳳山區三多一路 1 號,886-7-7995678,衛武營國家藝術文化中心,2021/1/16 19:30,2021/1/17 21:30,,,,120.34221,22.62417,,,,,2021/1/5 16:28
C2_397000000A_003659,2,愛唱歌2021親子演唱會《瑞比和安弟的樹洞狂想》,無,一般民眾,to see the official site,高雄市830鳳山區三多一路 1 號,886-7-7995678,衛武營國家藝術文化中心,2021/1/9 10:30,2021/1/10 12:30,,,,120.34221,22.62417,,,,,2021/1/6 18:33
C2_397000000A_003670,2,黑盒-幻魅於形 : 湯尼·奧斯勒,無,一般民眾,to see the official site,高雄市804鼓山區美術館路80號,886-7-7995678,高雄市立美術館,2021/1/23 00:00,2021/5/16 23:59,,,,120.28655,22.6567,,,,,2021/6/25 09:03
C2_397000000A_003675,2,【新春活動】HAPPY牛YEAR！電影館新春賀歲寵影迷,無,一般民眾,to see the official site,高雄市803鹽埕區河西路10號,886-7-7995678,高雄市電影館,2021/2/2 00:00,2021/2/28 23:59,,,,120.28912,22.62268,,,,,2021/6/25 09:37
C2_397000000A_003680,2,【2021衛武營新春系列】繁花盛開的祝褔-新春剪花藝術裝置展,無,一般民眾,to see the official site,高雄市830鳳山區三多一路1號,886-7-7995678,衛武營國家藝術文化中心,2021/2/1 00:00,2021/2/28 23:59,,,,120.34221,22.62417,,,,,2021/6/25 09:01
C2_397000000A_003689,2,新濱老街—老物x手作市集★2021初五開春限定場★,無,一般民眾,to see the official site,高雄市804鼓山區捷興二街至鼓元街（鼓元街至臨海路區段）,886-7-7995678,打狗文史再興會社,2021/2/16 00:00,2021/2/16 23:59,,,,120.27444,22.62091,,,,,2021/6/25 09:20
C2_397000000A_003690,2,2021 高美館藝術走春—【薛丁格的盒子】,無,一般民眾,to see the official site,高雄市804鼓山區美術館路80號,886-7-7995678,高雄市立美術館,2021/2/12 00:00,2021/2/16 23:59,,,,120.28655,22.6567,,,,,2021/6/25 09:22
C2_397000000A_003711,2,返校Detention 實境體驗展,無,一般民眾,to see the official site,高雄市804鼓山區蓬萊路99號,886-7-7995678,聯合數位文創股份有限公司,2021/1/12 00:00,2021/4/6 23:59,,,,120.27818,22.62004,,,,,2021/6/25 09:17
C2_397000000A_003717,2,【當愛在此-來自土地的聲音】228音樂會,無,一般民眾,to see the official site,高雄市830鳳山區三多一路1號,886-7-7995678,高雄市政府文化局、財團法人高雄市愛樂文化藝術基金會,2021/2/27 19:30,2021/2/27 23:59,,,,120.34221,22.62417,,,,,2021/6/25 09:17
C2_397000000A_003725,2,2021哈瑪星濱線祭,無,一般民眾,to see the official site,高雄市804鼓山區蓬萊路17號（七賢三路底）,886-7-7995678,高雄市政府,2021/3/13 00:00,2021/3/14 23:59,,,,120.27708,22.61897,,,,,2021/6/25 08:53
C2_397000000A_003726,2,第一屆KAHUZAS嘎呼拉斯音樂節,無,一般民眾,to see the official site,高雄市844六龜區中正路137號,886-7-7995678,寶來國中,2021/3/13 16:30,2021/3/13 19:30,,,,120.70341,23.11071,,,,,2021/6/25 09:05
C2_397000000A_003731,2,2021拉阿魯哇族聖貝祭系列活動,無,一般民眾,to see the official site,高雄市849那瑪夏區高中里、桃源里,886-7-7995678,高雄市政府,2021/3/20 00:00,2021/3/21 23:59,,,,120.7235,23.13769,,,,,2021/6/25 09:08
C2_397000000A_003732,2,2021旗津醉蝦趴,無,一般民眾,to see the official site,高雄市805旗津區旗津三路990號,886-7-7995678,高雄市政府,2021/3/13 00:00,2021/3/14 23:59,,,,120.27417,22.6013,,,,,2021/6/25 09:11
C2_397000000A_003737,2,雄影開唱 前進大港,無,一般民眾,to see the official site,高雄市803鹽埕區河西路10號 ,886-7-7995678,高雄市政府,2021/3/13 00:00,2021/3/28 23:59,,,,120.28912,22.62268,,,,,2021/6/25 09:38
C2_397000000A_003740,2,「高流PLAY ！」高雄流行音樂中心海音館滿載測試演出,無,一般民眾,to see the official site,高雄市803鹽埕區真愛路1號,886-7-7995678,高雄市政府文化局,2021/3/27 15:30,2021/3/27 23:59,,,,120.28889,22.61846,,,,,2021/6/25 09:27
C2_397000000A_003743,2,2021大港開唱音樂祭,無,一般民眾,to see the official site,高雄市803鹽埕區大勇路1號,886-7-7995678,高雄市政府,2021/3/27 00:00,2021/3/28 23:59,,,,120.2816,22.62001,,,,,2021/7/20 11:29
C2_397000000A_003749,2,威爾第歌劇《茶花女》,無,一般民眾,to see the official site,高雄市830鳳山區三多一路1號,886-7-7995678,高雄市政府,2021/3/18 00:00,2021/3/21 23:59,,,,120.34221,22.62417,,,,,2021/6/25 09:28
C2_397000000A_003750,2,不只是．房子 (兒童美術館),無,一般民眾,to see the official site,高雄市804鼓山區美術館路80號,886-7-7995678,高雄市政府,2021/1/30 00:00,2022/6/5 23:59,,,,120.28655,22.6567,,,,,2021/6/25 09:27
C2_397000000A_003752,2,2021岡山燈藝節-竹光織影,無,一般民眾,to see the official site,高雄市820岡山區公園路1號,886-7-7995678,高雄市政府,2021/3/19 00:00,2021/4/5 23:59,,,,120.29139,22.7961,,,,,2021/6/25 09:20
C2_397000000A_003767,2,中洲。津餘祭,無,一般民眾,to see the official site,高雄市805旗津區中洲區域,886-7-7995678,高雄市政府,2021/4/2 00:00,2021/4/5 23:59,,,,120.29452,22.57734,,,,,2021/6/25 09:26
C2_397000000A_003768,2,2021旗津藝術裝置展－「近山海的小歇」,無,一般民眾,to see the official site,高雄市805旗津區廟前路1巷,886-7-7995678,高雄市政府,2021/3/6 00:00,2021/4/4 23:59,,,,120.2665,22.6122,,,,,2021/6/25 09:07
C2_397000000A_003770,2,秧光小市 -晴 耕-,無,一般民眾,to see the official site,高雄市843美濃區民族路16巷9號,886-7-7995678,高雄市政府,2021/4/2 00:00,2021/4/4 23:59,,,,120.54948,22.89568,,,,,2021/6/25 09:06
C2_397000000A_003771,2,神農市集,無,一般民眾,to see the official site,高雄市804鼓山區凹子底森林公園（南屏路口）,886-7-7995678,高雄市政府,2021/3/27 15:00,2021/3/28 21:00,,,,120.29839,22.65968,,,,,2021/6/25 08:55
C2_397000000A_003772,2,高雄春天藝術節環境舞蹈-《華麗的年代》,無,一般民眾,to see the official site,高雄市804鼓山區蓮海路20號,886-7-7995678,高雄市政府文化局、財團法人高雄市愛樂文化藝術基金會,2021/3/27 16:30,2021/3/28 16:30,,,,120.26689,22.61888,,,,,2021/6/25 09:17
C2_397000000A_003773,2,動物山友會活動－【恐龍扮裝趴】,無,一般民眾,to see the official site,高雄市804鼓山區萬壽路350號,886-7-7995678,高雄市政府,2021/3/28 00:00,2021/3/28 23:59,,,,120.27816,22.63531,,,,,2021/6/25 09:22
C2_397000000A_003775,2,原住民特色假日市集,無,一般民眾,to see the official site,高雄市806前鎮區忠勤路8號B區,886-7-7995678,高雄市政府,2021/3/27 00:00,2021/3/28 23:59,,,,120.30374,22.60404,,,,,2021/6/25 09:01
C2_397000000A_003776,2,放大想像玩六龜-2021六龜夜賞體驗,無,一般民眾,to see the official site,高雄市844六龜區六龜區寶來國中後方，比鄰浦來溪頭社戰道,886-7-7995678,高雄市政府,2021/3/26 00:00,2021/3/28 23:59,,,,120.70355,23.10953,,,,,2021/6/25 09:01
C2_397000000A_003782,2,2021年第56屆六堆運動會系列活動,無,一般民眾,to see the official site,高雄市843美濃區中正路一段191號,886-7-7995678,高雄市政府,2021/3/27 00:00,2021/4/11 23:59,,,,120.54318,22.89454,,,,,2021/6/25 09:05
C2_397000000A_003783,2,2021高農雄讚嘉年華,無,一般民眾,to see the official site,高雄市813左營區翠華路1435號,886-7-7995678,高雄市政府,2021/4/3 00:00,2021/4/4 23:59,,,,120.29751,22.67957,,,,,2021/6/25 09:10
C2_397000000A_003788,2,2021 高美館 兒童節限定活動－閃閃發亮兒童節,無,一般民眾,to see the official site,高雄市804鼓山區美術館路80號,886-7-7995678,高雄市政府,2021/4/2 00:00,2021/4/5 23:59,,,,120.28655,22.6567,,,,,2021/6/25 09:24
C2_397000000A_003789,2,高雄歷史博物館－童樂派對,無,一般民眾,to see the official site,高雄市803鹽埕區中正四路272號,886-7-7995678,高雄市政府,2021/3/30 00:00,2021/4/11 23:59,,,,120.28676,22.62704,,,,,2021/6/25 09:36
C2_397000000A_003790,2,壽山動物園－童趣闖關市集,無,一般民眾,to see the official site,高雄市804鼓山區萬壽路350號,886-7-7995678,高雄市政府,2021/4/2 11:00,2021/4/2 16:00,,,,120.27816,22.63531,,,,,2021/6/25 09:17
C2_397000000A_003792,2,話說鹽埕麵,無,一般民眾,to see the official site,高雄市803鹽埕區五福四路155號,886-7-7995678,高雄市政府,2021/4/10 00:00,2021/5/9 23:59,,,,120.28351,22.62337,,,,,2021/6/25 09:24
C2_397000000A_003793,2,【走讀哈瑪星｜主題導覽】探遊裕仁皇太子訪查高雄路徑暨興濱AR實境行旅,無,一般民眾,to see the official site,高雄市804鼓山區捷興二街18號,886-7-7995678,打狗文史再興會社,2021/4/18 14:30,2021/4/18 16:30,,,,120.27419,22.62078,,,,,2021/6/25 09:07
C2_397000000A_003796,2,2021納瑪夏賞螢季,無,一般民眾,to see the official site,高雄市849那瑪夏區達卡努瓦里大光巷230號,886-7-7995678,那瑪夏區公所,2021/4/2 00:00,2021/5/1 23:59,,,,120.71932,23.27278,,,,,2021/6/25 09:20
C2_397000000A_003797,2,2021高雄港都盃龍舟暨多元水域運動錦標賽,無,一般民眾,to see the official site,高雄市813左營區蓮潭路(蓮池潭水域運動中心),886-7-7995678,高雄市政府,2021/4/10 08:00,2021/4/11 17:00,,,,120.29802,22.68724,,,,,2021/6/25 09:10
C2_397000000A_003798,2,(活動延期)「春天與Hakka有約」創客炫舞大賽活動日期異動公告,無,一般民眾,to see the official site,高雄市830鳳山區輜汽路281號,886-7-7995678,高雄市政府,2021/5/23 00:00,2021/5/23 23:59,,,,120.3459,22.61873,,,,,2021/6/25 09:20
C2_397000000A_003801,2,2021高雄春天藝術節(改線上直播),無,一般民眾,to see the official site,高雄市802苓雅區五福一路67號,886-7-7995678,高雄市政府,2021/3/1 00:00,2021/7/31 23:59,,,,120.31814,22.6258,,,,,2021/6/25 09:21
C2_397000000A_003802,2,展高雄系列：咬一口青綠─燕巢與大社特展,無,一般民眾,to see the official site,高雄市803鹽埕區中正四路272號,886-7-7995678,高雄市政府,2021/4/1 00:00,2021/8/29 23:59,,,,120.28676,22.62704,,,,,2021/6/25 09:39
C2_397000000A_003803,2,庫存記憶－關於25棟倉庫的那些事,無,一般民眾,to see the official site,高雄市803鹽埕區大勇路1號,886-7-7995678,高雄市政府,2021/4/9 00:00,2021/4/9 23:59,,,,120.2816,22.62001,,,,,2021/6/25 09:09
C2_397000000A_003808,2,不安的堡壘-疫情後的我們,無,一般民眾,to see the official site,高雄市803鹽埕區大勇路1號(大勇區當代館C5當代館),886-7-7995678,高雄市政府,2021/3/26 00:00,2021/8/29 23:59,,,,120.28153,22.61998,,,,,2021/6/25 09:26
C2_397000000A_003809,2,2021高雄滑板節《板潮》,無,一般民眾,to see the official site,高雄市802苓雅區中正一路99號,886-7-7995678,高雄市政府,2021/5/1 00:00,2021/5/2 23:59,,,,120.33401,22.62546,,,,,2021/6/25 09:09
C2_397000000A_003822,2,林園鳳芸宮媽祖海巡,無,一般民眾,to see the official site,高雄市832林園區林園區鳳芸路78號,886-7-7995678,高雄市政府,2021/4/30 00:00,2021/5/2 23:59,,,,120.39757,22.48273,,,,,2021/6/25 09:36
C2_397000000A_003825,2,2021青春設計節,無,一般民眾,to see the official site,高雄市803鹽埕區大勇路1號,886-7-7995678,高雄市政府,2021/4/30 00:00,2021/5/9 23:59,,,,120.2816,22.62001,,,,,2021/6/25 09:19
C2_397000000A_003828,2,愛河 ‧ 艸食祭 – 遊牧食草,無,一般民眾,to see the official site,高雄市803鹽埕區河西路高雄市電影館前,886-7-7995678,高雄市政府,2021/4/24 15:00,2021/4/25 21:00,,,,120.28878,22.62244,,,,,2021/6/25 09:23
C2_397000000A_003831,2,2021 國際 2T 經典老車嘉年華,無,一般民眾,to see the official site,高雄市803鹽埕區河西路,886-7-7995678,高雄市政府,2021/5/1 11:00,2021/5/2 20:00,,,,120.28723,22.62735,,,,,2021/6/25 09:27
C2_397000000A_003833,2,神農市集－岡山河堤公園,無,一般民眾,to see the official site,高雄市820岡山區仁義路筧橋路交叉口,886-7-7995678,高雄市政府,2021/4/24 10:00,2021/4/25 18:00,,,,120.29506,22.78801,,,,,2021/6/25 09:24
C2_397000000A_003836,2,2021燕巢嘉年華,無,一般民眾,to see the official site,高雄市824燕巢區中安路1號,886-7-7995678,高雄市政府,2021/4/25 09:00,2021/4/25 17:00,,,,120.36197,22.78816,,,,,2021/6/25 09:20
C2_397000000A_003837,2,2021旗津循環綠活節,無,一般民眾,to see the official site,高雄市805旗津區北汕尾巷6號,886-7-7995678,高雄市政府,2021/5/8 14:00,2021/5/8 17:00,,,,120.27695,22.60415,,,,,2021/6/25 09:05
C2_397000000A_003841,2,《黃阿瑪的後宮生活》首次路跑活動－高雄場,無,一般民眾,to see the official site,高雄市813左營區世運大道100號,886-7-7995678,高雄市政府,2021/9/25 00:00,2021/9/25 23:59,,,,120.2947,22.70233,,,,,2021/6/25 09:25
C2_397000000A_003842,2,再社區—過渡．聚合．創生,無,一般民眾,to see the official site,高雄市803鹽埕區大勇路64號,886-7-7995678,高雄市政府,2021/4/10 00:00,2021/5/9 23:59,,,,120.28367,22.62285,,,,,2021/6/25 08:59
C2_397000000A_003844,2,VR體感劇院．四五月主題特展——— #往家路上,無,一般民眾,to see the official site,高雄市803鹽埕區大義街2-3號,886-7-7995678,高雄市政府,2021/4/2 00:00,2021/5/31 23:59,,,,120.28562,22.61817,,,,,2021/6/25 09:16
C2_397000000A_003845,2,高雄電影館-鮮浪潮,無,一般民眾,to see the official site,高雄市803鹽埕區河西路10號,886-7-7995678,高雄市政府,2021/5/21 00:00,2021/5/28 23:59,,,,120.28912,22.62268,,,,,2021/6/25 09:23
C2_397000000A_003846,2,(活動延期)2021 電動玩祭 TOY MARKET,無,一般民眾,to see the official site,高雄市803鹽埕區真愛路1號,886-7-7995678,高雄市政府,2021/6/5 15:00,2021/6/6 21:00,,,,120.28453,22.61917,,,,,2021/6/25 09:18
C2_397000000A_003848,2,2021鹽夏不夜埕-做伙來陷眠(改線上直播節目),無,一般民眾,to see the official site,高雄市803鹽埕區鹽埕馬雅各公園～鹽埕大勇路麥當勞前廣場,886-7-7995678,高雄市政府,2021/5/29 00:00,2021/6/5 23:59,,,,120.28309,22.62167,,,,,2021/6/25 09:35
C2_397000000A_003856,2,時光島影─數位修復影展５月精彩上映！,無,一般民眾,to see the official site,高雄市803鹽埕區河西路10號,886-7-7995678,高雄市政府,2021/5/8 00:00,2021/5/30 23:59,,,,120.28912,22.62268,,,,,2021/6/25 09:27
C2_397000000A_003859,2,(活動延期)高雄乘風而騎-十面埋伏-首發鳳山場,無,一般民眾,to see the official site,高雄市830鳳山區輜汽路281號,886-7-7995678,高雄市政府,2021/5/16 09:00,2021/5/16 13:00,,,,120.3459,22.61873,,,,,2021/6/25 08:52
C2_397000000A_003861,2,TAKAO．台客．南方HUE：李俊賢(線上藝廊),無,一般民眾,to see the official site,高雄市804鼓山區美術館路80號,886-7-7995678,高雄市立美術館,2021/5/8 00:00,2021/9/12 23:59,,,,120.28655,22.6567,,,,,2021/6/25 09:47
C2_397000000A_003863,2,皮影戲館110年2-6月「偶藝籽樂園-假日演出」,無,一般民眾,to see the official site,高雄市820岡山區岡山南路42號,886-7-7995678,高雄市政府,2021/2/13 00:00,2021/6/26 23:59,,,,120.29827,22.78328,,,,,2021/6/25 09:18
C2_397000000A_003871,2,2021花露露的童樂節(節目異動),無,一般民眾,to see the official site,高雄市830鳳山區三多一路 1 號,886-7-7995678,衛武營國家藝術文化中心,2021/7/10 00:00,2021/7/25 23:59,,,,120.34221,22.62417,,,,,2021/6/25 09:46
C2_397000000A_003887,2,(活動延期)MLD台鋁黑潮放送音樂節,無,一般民眾,to see the official site,高雄市806前鎮區忠勤路8號B區,886-7-7995678,MLD 台鋁生活商場,2021/5/22 00:00,2021/5/23 23:59,,,,120.30374,22.60404,,,,,2021/6/25 09:47
C2_397000000A_003921,2,高流「HOUSE好事計畫」 揪你線上尬聊,無,一般民眾,to see the official site,高雄市803鹽埕區真愛路1號,886-7-7995678,高雄流行音樂中心,2021/6/11 00:00,2021/6/25 23:59,,,,120.2889,22.61833,,,,,2021/6/25 09:46
C2_397000000A_003922,2,2021高雄獎－線上展覽,無,一般民眾,to see the official site,高雄市804鼓山區美術館路80號,886-7-7995678,高雄市立美術館,2021/4/24 00:00,2021/7/3 23:59,,,,120.28655,22.6567,,,,,2021/6/25 09:45
C2_397000000A_003924,2,《愛吧 LOVE BAR》線上讀劇會,無,一般民眾,to see the official site,高雄市801前金區民生二路39號,886-7-7995678,高雄文學館,2021/6/19 21:00,2021/6/19 23:59,,,,120.29682,22.62545,,,,,2021/6/25 09:46
C2_397000000A_003937,2,泛‧南‧島藝術祭,無,一般民眾,to see the official site,高雄市804鼓山區美術館路80號,886-7-7995678,高雄市立美術館,2021/7/17 00:00,2021/10/31 23:59,,,,120.28655,22.6567,,,,,2021/7/19 14:23
C2_397000000A_003941,2,印象高雄線上展,無,一般民眾,to see the official site,高雄市803鹽埕區中正四路272號,886-7-7995678,高雄市立歷史博物館,2021/6/17 00:00,2021/12/31 23:59,,,,120.28676,22.62704,,,,,2021/6/28 10:02
C2_397000000A_003956,2,2021衛武營第六劇場（線上表演）,無,一般民眾,to see the official site,高雄市830鳳山區三多一路 1 號,886-7-7995678,高雄市政府,2021/6/30 00:00,2021/8/6 23:59,,,,120.34221,22.62417,,,,,2021/6/30 18:16
C2_397000000A_003957,2,衛武營2021「高雄雄厲害」演出創意計畫開放徵選,無,一般民眾,to see the official site,高雄市830鳳山區三多一路 1 號,886-7-7995678,高雄市政府,2021/6/29 00:00,2021/8/9 23:59,,,,120.34221,22.62417,,,,,2021/6/30 18:25
C2_397000000A_003962,2,2021 美濃黃蝶祭-後生創作營（線上活動）,無,一般民眾,to see the official site,高雄市843美濃區福安里福安街12號,886-7-7995678,高雄市政府,2021/7/19 00:00,2021/8/21 23:59,,,,120.52388,22.8964,,,,,2021/7/5 16:52
C2_397000000A_003964,2,第一屆濱線熊彩繪大高雄競賽,無,一般民眾,to see the official site,高雄市803鹽埕區,886-7-7995678,高雄市政府,2021/6/15 00:00,2021/7/15 23:59,,,,120.3413,22.629592,,,,,2021/7/5 17:25
C2_397000000A_003965,2,2021《武營歐普拉 Let's Opera！》素人歌劇演唱甄選 開放報名,無,一般民眾,to see the official site,高雄市830鳳山區三多一路 1 號,886-7-7995678,高雄市政府,2021/6/29 00:00,2021/7/28 23:59,,,,120.34221,22.62417,,,,,2021/7/5 17:23
C2_397000000A_003975,2,異質邊界　書寫抗疫 「110年高雄青年文學獎」徵件至9/30截止,無,一般民眾,to see the official site,高雄市801前金區民生二路39號 ,886-7-7995678,高雄市政府,2021/6/9 00:00,2021/9/30 23:59,,,,120.29682,22.62545,,,,,2021/7/12 12:06
C2_397000000A_003980,2,奈良美智特展 YOSHITOMO NARA,無,一般民眾,to see the official site,高雄市804鼓山區美術館路80號,886-7-7995678,高雄市政府,2021/7/24 00:00,2021/10/31 23:59,,,,120.28655,22.6567,,,,,2021/7/14 14:43
C2_397000000A_003984,2,鮮聲奪人-2021就愛歌仔戲線上夏令營開放報名,無,一般民眾,to see the official site,高雄市802苓雅區五福一路67號,886-7-7995678,高雄市政府,2021/7/12 00:00,2021/8/6 23:59,,,,120.31814,22.6258,,,,,2021/7/20 17:32
